0.37145,-1.4766e-17,-0.043478,-3.3362e-18,-0.015182,-4.9858e-18,0.0025792,-7.5004e-18,-0.0001405,1.3823e-17,-4.7279e-06,3.207e-17,-1.2748e-33,-3.7537e-18,-2.8803e-34,-1.3107e-18,-4.3045e-34,2.2268e-19,-6.4755e-34,-1.213e-20,1.1934e-33,-0.024917,9.9051e-19,0.0029165,2.2379e-19,0.0010184,3.3445e-19,-0.00017302,5.0313e-19,9.4249e-06,-1.0054e-17,3.9968e-34,1.1768e-18,9.0302e-35,4.1094e-19,1.3495e-34,-6.9814e-20,2.0302e-34,0.00038451,-1.5285e-20,-4.5006e-05,-3.4534e-21,-1.5716e-05,-5.161e-21,2.6699e-06,-3.0527e-18,1.2135e-34,3.5731e-19,2.7418e-35,1.2477e-19,4.0975e-35,7.4319e-06,-2.9543e-22,-8.699e-07,-6.6749e-23,-3.0376e-07,-8.6532e-19,3.4398e-35,1.0128e-19,7.7718e-36,-3.1651e-07,1.2582e-23,3.7047e-08,4.2567e-18,-1.6921e-34,-1.7246e-08
-7.236e-18,0.56605,1.0236e-17,-0.10508,9.6216e-18,0.0017071,-7.366e-18,0.0012697,-2.2934e-18,-0.00016638,-3.5292e-18,-6.2472e-34,4.887e-17,8.8377e-34,-9.0723e-18,8.3069e-34,1.4739e-19,-6.3595e-34,1.0962e-19,-1.98e-34,-1.4364e-20,4.8539e-19,-0.037971,-6.8667e-19,0.0070489,-6.4543e-19,-0.00011452,4.9412e-19,-8.5175e-05,1.5384e-19,1.9586e-34,-1.5322e-17,-2.7708e-34,2.8443e-18,-2.6044e-34,-4.6208e-20,1.9938e-34,-3.4369e-20,-7.4903e-21,0.00058594,1.0596e-20,-0.00010877,9.9598e-21,1.7671e-06,-7.6249e-21,5.9467e-35,-4.6519e-18,-8.4126e-35,8.6359e-19,-7.9073e-35,-1.403e-20,-1.4478e-22,1.1325e-05,2.0481e-22,-2.1024e-06,1.9251e-22,1.6857e-35,-1.3186e-18,-2.3846e-35,2.4479e-19,6.1657e-24,-4.8232e-07,-8.7224e-24,-8.2921e-35,6.4866e-18,3.3595e-25
-0.043478,1.3085e-17,0.24861,-6.9211e-18,-0.057061,-7.0613e-18,0.0052313,4.2318e-18,-9.8886e-05,6.3646e-18,-2.8519e-05,-3.7537e-18,1.1297e-33,2.1464e-17,-5.9754e-34,-4.9264e-18,-6.0965e-34,4.5165e-19,3.6536e-34,-8.5374e-21,5.495e-34,0.0029165,-8.7773e-19,-0.016677,4.6427e-19,0.0038277,4.7368e-19,-0.00035092,-2.8387e-19,6.6333e-06,1.1768e-18,-3.5417e-34,-6.7292e-18,1.8734e-34,1.5445e-18,1.9113e-34,-1.416e-19,-1.1455e-34,-4.5006e-05,1.3544e-20,0.00025734,-7.1643e-21,-5.9066e-05,-7.3095e-21,5.4151e-06,3.5731e-19,-1.0753e-34,-2.0431e-18,5.688e-35,4.6894e-19,5.8032e-35,-8.699e-07,2.6179e-22,4.9741e-06,-1.3848e-22,-1.1417e-06,1.0128e-19,-3.0481e-35,-5.7914e-19,1.6123e-35,3.7047e-08,-1.1149e-23,-2.1184e-07,-4.9824e-19,1.4994e-34,2.0186e-09
4.9425e-18,-0.10508,-8.8652e-18,0.098698,-4.0875e-18,-0.02321,2.1011e-18,0.0027945,1.1581e-17,-0.00018877,8.4474e-20,4.2672e-34,-9.0723e-18,-7.6538e-34,8.5211e-18,-3.529e-34,-2.0038e-18,1.814e-34,2.4126e-19,9.9988e-34,-1.6298e-20,-3.3155e-19,0.0070489,5.9468e-19,-0.0066207,2.7419e-19,0.0015569,-1.4094e-19,-0.00018746,-7.7688e-19,-1.3378e-34,2.8443e-18,2.3996e-34,-2.6715e-18,1.1064e-34,6.2824e-19,-5.6872e-35,-7.564e-20,5.1162e-21,-0.00010877,-9.1767e-21,0.00010217,-4.2311e-21,-2.4026e-05,2.175e-21,-4.0619e-35,8.6359e-19,7.2857e-35,-8.1113e-19,3.3592e-35,1.9075e-19,9.8889e-23,-2.1024e-06,-1.7737e-22,1.9747e-06,-8.1782e-23,-1.1514e-35,2.4479e-19,2.0652e-35,-2.2992e-19,-4.2115e-24,8.9539e-08,7.554e-24,5.6639e-35,-1.2042e-18,-2.2947e-25
-0.015182,1.0432e-17,-0.057061,-8.4804e-18,0.03437,-1.9278e-19,-0.0077707,4.7117e-18,0.0010236,9.5502e-19,-8.89e-05,-1.3107e-18,9.0066e-34,-4.9264e-18,-7.3217e-34,2.9673e-18,-1.6644e-35,-6.7089e-19,4.0679e-34,8.8372e-20,8.2453e-35,0.0010184,-6.9979e-19,0.0038277,5.6887e-19,-0.0023055,1.2932e-20,0.00052127,-3.1607e-19,-6.8663e-05,4.1094e-19,-2.8237e-34,1.5445e-18,2.2955e-34,-9.303e-19,5.218e-36,2.1034e-19,-1.2754e-34,-1.5716e-05,1.0799e-20,-5.9066e-05,-8.7785e-21,3.5577e-05,-1.9955e-22,-8.0438e-06,1.2477e-19,-8.5734e-35,4.6894e-19,6.9695e-35,-2.8246e-19,1.5843e-36,-3.0376e-07,2.0872e-22,-1.1417e-06,-1.6967e-22,6.8766e-07,3.5367e-20,-2.4302e-35,1.3293e-19,1.9756e-35,1.2936e-08,-8.8891e-24,4.8621e-08,-1.7398e-19,1.1955e-34,7.0487e-10
-1.0569e-17,0.0017071,-3.473e-18,-0.02321,-1.4101e-18,0.010502,4.0324e-18,-0.0022258,-3.5581e-18,0.00026894,5.711e-18,-9.1247e-34,1.4739e-19,-2.9984e-34,-2.0038e-18,-1.2174e-34,9.0669e-19,3.4814e-34,-1.9216e-19,-3.0719e-34,2.3219e-20,7.0896e-19,-0.00011452,2.3297e-19,0.0015569,9.4589e-20,-0.00070448,-2.705e-19,0.00014931,2.3868e-19,2.8607e-34,-4.6208e-20,9.4005e-35,6.2824e-19,3.8168e-35,-2.8426e-19,-1.0915e-34,6.0246e-20,-1.094e-20,1.7671e-06,-3.595e-21,-2.4026e-05,-1.4596e-21,1.0871e-05,4.1742e-21,8.6857e-35,-1.403e-20,2.8542e-35,1.9075e-19,1.1588e-35,-8.6308e-20,-2.1146e-22,3.4156e-08,-6.9486e-23,-4.6438e-07,-2.8213e-23,2.4621e-35,-3.9769e-21,8.0904e-36,5.4069e-20,9.0056e-24,-1.4546e-09,2.9593e-24,-1.2111e-34,1.9563e-20,4.9069e-25
0.0025792,-7.2917e-18,0.0052313,2.9432e-18,-0.0077707,-2.804e-20,0.002839,-1.9454e-18,-0.00056733,3.1599e-18,7.3733e-05,2.2268e-19,-6.2953e-34,4.5165e-19,2.541e-34,-6.7089e-19,-2.4208e-36,2.451e-19,-1.6796e-34,-4.8981e-20,2.7281e-34,-0.00017302,4.8913e-19,-0.00035092,-1.9743e-19,0.00052127,1.8809e-21,-0.00019044,1.305e-19,3.8057e-05,-6.9814e-20,1.9737e-34,-1.416e-19,-7.9665e-35,2.1034e-19,7.5896e-37,-7.6844e-20,5.2659e-35,2.6699e-06,-7.5479e-21,5.4151e-06,3.0466e-21,-8.0438e-06,-2.9025e-23,2.9387e-06,-2.1197e-20,5.9925e-35,-4.2992e-20,-2.4188e-35,6.3862e-20,2.3044e-37,5.1605e-08,-1.4589e-22,1.0467e-07,5.8887e-23,-1.5548e-07,-6.0085e-21,1.6986e-35,-1.2187e-20,-6.8563e-36,-2.1978e-09,6.2132e-24,-4.4576e-09,2.9557e-20,-8.3559e-35,-1.1975e-10
-7.1529e-18,0.0012697,2.9037e-18,0.0027945,9.1034e-18,-0.0022258,-7.4372e-18,0.00068141,3.652e-18,-0.00010889,-3.5109e-18,-6.1755e-34,1.0962e-19,2.507e-34,2.4126e-19,7.8595e-34,-1.9216e-19,-6.421e-34,5.883e-20,3.153e-34,-9.4009e-21,4.7982e-19,-8.5175e-05,-1.9478e-19,-0.00018746,-6.1066e-19,0.00014931,4.9889e-19,-4.571e-05,-2.4498e-19,1.9361e-34,-3.4369e-20,-7.8597e-35,-7.564e-20,-2.4641e-34,6.0246e-20,2.0131e-34,-1.8444e-20,-7.4043e-21,1.3144e-06,3.0058e-21,2.8927e-06,9.4233e-21,-2.304e-06,-7.6986e-21,5.8784e-35,-1.0435e-20,-2.3864e-35,-2.2966e-20,-7.4814e-35,1.8292e-20,-1.4311e-22,2.5405e-08,5.8097e-23,5.5911e-08,1.8214e-22,1.6663e-35,-2.9579e-21,-6.7644e-36,-6.5099e-21,6.0949e-24,-1.0819e-09,-2.4743e-24,-8.1969e-35,1.4551e-20,3.3209e-25
-0.0001405,-7.8331e-19,-9.8886e-05,9.9899e-18,0.0010236,4.3899e-19,-0.00056733,-9.068e-19,0.00015507,-2.7019e-18,-2.6077e-05,-1.213e-20,-6.7628e-35,-8.5374e-21,8.6248e-34,8.8372e-20,3.79e-35,-4.8981e-20,-7.8289e-35,1.3388e-20,-2.3327e-34,9.4249e-06,5.2545e-20,6.6333e-06,-6.7013e-19,-6.8663e-05,-2.9448e-20,3.8057e-05,6.0829e-20,-1.0402e-05,3.803e-21,2.1202e-35,2.6766e-21,-2.704e-34,-2.7706e-20,-1.1882e-35,1.5356e-20,2.4545e-35,-1.4544e-07,-8.1084e-22,-1.0236e-07,1.0341e-20,1.0596e-06,4.5442e-22,-5.8727e-07,1.1547e-21,6.4375e-36,8.1267e-22,-8.21e-35,-8.4122e-21,-3.6077e-36,-2.8111e-09,-1.5672e-23,-1.9785e-09,1.9988e-22,2.048e-08,3.2731e-22,1.8248e-36,2.3036e-22,-2.3272e-35,1.1972e-10,6.6745e-25,8.426e-11,-1.6101e-21,-8.9764e-36,6.5232e-12
1.4118e-17,-0.00016638,5.5443e-18,-0.00018877,5.7904e-19,0.00026894,4.4318e-18,-0.00010889,-3.2938e-18,2.0929e-05,2.51e-18,1.2189e-33,-1.4364e-20,4.7867e-34,-1.6298e-20,4.9992e-35,2.3219e-20,3.8262e-34,-9.4009e-21,-2.8437e-34,1.8069e-21,-9.4702e-19,1.1161e-05,-3.7192e-19,1.2663e-05,-3.8842e-20,-1.8041e-05,-2.9729e-19,7.3043e-06,2.2095e-19,-3.8213e-34,4.5035e-21,-1.5007e-34,5.1095e-21,-1.5673e-35,-7.2796e-21,-1.1996e-34,2.9473e-21,1.4614e-20,-1.7223e-07,5.7392e-21,-1.954e-07,5.9939e-22,2.7839e-07,4.5876e-21,-1.1602e-34,1.3673e-21,-4.5565e-35,1.5514e-21,-4.7587e-36,-2.2102e-21,2.8246e-22,-3.3289e-09,1.1093e-22,-3.7769e-09,1.1585e-23,-3.2888e-35,3.8759e-22,-1.2916e-35,4.3975e-22,-1.203e-23,1.4177e-10,-4.7243e-24,1.6178e-34,-1.9066e-21,-6.5546e-25
-4.7279e-06,-3.1409e-18,-2.8519e-05,-8.8752e-19,-8.89e-05,4.3812e-18,7.3733e-05,-1.345e-18,-2.6077e-05,2.2806e-18,5.2968e-06,-4.0819e-22,-2.7117e-34,-2.4622e-21,-7.6624e-35,-7.6752e-21,3.7826e-34,6.3658e-21,-1.1612e-34,-2.2514e-21,1.969e-34,3.1715e-07,2.1069e-19,1.913e-06,5.9535e-20,5.9635e-06,-2.939e-19,-4.9461e-06,9.0223e-20,1.7492e-06,1.2797e-22,8.5017e-35,7.7193e-22,2.4023e-35,2.4063e-21,-1.1859e-34,-1.9958e-21,3.6406e-35,-4.8941e-09,-3.2513e-21,-2.9521e-08,-9.1871e-22,-9.2024e-08,4.5352e-21,7.6324e-08,3.8856e-23,2.5813e-35,2.3437e-22,7.2939e-36,7.306e-22,-3.6006e-35,-9.4596e-11,-6.2842e-23,-5.7059e-10,-1.7757e-23,-1.7787e-09,1.1014e-23,7.3169e-36,6.6435e-23,2.0675e-36,4.0287e-12,2.6763e-24,2.4301e-11,-5.418e-23,-3.5993e-35,2.1951e-13
3.1752e-17,-1.2622e-33,-3.7165e-18,-2.8518e-34,-1.2978e-18,-4.2619e-34,2.2047e-19,-6.4114e-34,-1.201e-20,1.1816e-33,-4.0415e-22,0.11552,-4.5921e-18,-0.013521,-1.0375e-18,-0.0047215,-1.5505e-18,0.00080213,-2.3326e-18,-4.3695e-05,4.2989e-18,-1.0299e-17,4.0941e-34,1.2055e-18,9.25e-35,4.2094e-19,1.3824e-34,-7.1514e-20,2.0796e-34,3.8956e-21,-0.0067051,2.6654e-19,0.00078482,6.0221e-20,0.00027405,8.9998e-20,-4.6558e-05,1.3539e-19,-9.6521e-18,3.8369e-34,1.1298e-18,8.6689e-35,3.945e-19,1.2955e-34,-6.7021e-20,0.00022236,-8.8391e-21,-2.6026e-05,-1.9971e-21,-9.0881e-06,-2.9845e-21,1.2177e-17,-4.8405e-34,-1.4253e-18,-1.0936e-34,-4.9769e-19,-6.849e-07,2.7226e-23,8.0166e-08,6.1513e-24,-2.5464e-18,1.0122e-34,2.9805e-19,-1.7846e-07,7.0942e-24,-4.3466e-19
-6.1853e-34,4.8386e-17,8.7501e-34,-8.9824e-18,8.2246e-34,1.4593e-19,-6.2965e-34,1.0854e-19,-1.9604e-34,-1.4222e-20,-3.0167e-34,-2.2503e-18,0.17604,3.1835e-18,-0.03268,2.9923e-18,0.00053091,-2.2908e-18,0.00039488,-7.1322e-19,-5.1742e-05,2.0063e-34,-1.5695e-17,-2.8382e-34,2.9135e-18,-2.6678e-34,-4.7333e-20,2.0423e-34,-3.5206e-20,6.3587e-35,1.3062e-19,-0.010218,-1.8478e-19,0.0018968,-1.7368e-19,-3.0815e-05,1.3296e-19,-2.292e-05,1.8802e-34,-1.4709e-17,-2.6599e-34,2.7305e-18,-2.5002e-34,-4.4359e-20,1.914e-34,-4.3315e-21,0.00033884,6.1276e-21,-6.2903e-05,5.7596e-21,1.0219e-06,-2.3721e-34,1.8556e-17,3.3557e-34,-3.4447e-18,3.1541e-34,1.3342e-23,-1.0437e-06,-1.8874e-23,1.9375e-07,4.9604e-35,-3.8804e-18,-7.0173e-35,3.4764e-24,-2.7195e-07,8.4672e-36
-3.7165e-18,1.1185e-33,2.1251e-17,-5.9162e-34,-4.8776e-18,-6.036e-34,4.4717e-19,3.6174e-34,-8.4528e-21,5.4405e-34,-2.4378e-21,-0.013521,4.0692e-18,0.077315,-2.1524e-18,-0.017746,-2.196e-18,0.0016269,1.3161e-18,-3.0753e-05,1.9794e-18,1.2055e-18,-3.6279e-34,-6.893e-18,1.919e-34,1.5821e-18,1.9579e-34,-1.4505e-19,-1.1733e-34,2.7418e-21,0.00078482,-2.3619e-19,-0.0044876,1.2493e-19,0.00103,1.2746e-19,-9.443e-05,-7.6388e-20,1.1298e-18,-3.4e-34,-6.46e-18,1.7984e-34,1.4827e-18,1.8349e-34,-1.3593e-19,-2.6026e-05,7.8326e-21,0.00014882,-4.143e-21,-3.4157e-05,-4.227e-21,-1.4253e-18,4.2893e-34,8.1497e-18,-2.2688e-34,-1.8706e-18,8.0166e-08,-2.4126e-23,-4.5839e-07,1.2761e-23,2.9805e-19,-8.9698e-35,-1.7043e-18,2.0889e-08,-6.2864e-24,5.0876e-20
4.2249e-34,-8.9824e-18,-7.578e-34,8.4367e-18,-3.494e-34,-1.984e-18,1.796e-34,2.3887e-19,9.8997e-34,-1.6136e-20,7.2208e-36,1.5371e-18,-0.03268,-2.757e-18,0.030694,-1.2712e-18,-0.0072181,6.5343e-19,0.00086906,3.6017e-18,-5.8706e-05,-1.3704e-34,2.9135e-18,2.458e-34,-2.7365e-18,1.1333e-34,6.4353e-19,-5.8257e-35,-7.7481e-20,-3.2111e-34,-8.9217e-20,0.0018968,1.6002e-19,-0.0017816,7.3783e-20,0.00041896,-3.7927e-20,-5.0443e-05,-1.2843e-34,2.7305e-18,2.3036e-34,-2.5646e-18,1.0621e-34,6.031e-19,-5.4597e-35,2.9586e-21,-6.2903e-05,-5.3068e-21,5.9081e-05,-2.4468e-21,-1.3894e-05,1.6202e-34,-3.4447e-18,-2.9061e-34,3.2355e-18,-1.3399e-34,-9.1131e-24,1.9375e-07,1.6346e-23,-1.8198e-07,-3.3882e-35,7.2036e-19,6.0773e-35,-2.3746e-24,5.0485e-08,-5.7835e-36
-1.2978e-18,8.9174e-34,-4.8776e-18,-7.2491e-34,2.9379e-18,-1.6479e-35,-6.6424e-19,4.0276e-34,8.7497e-20,8.1636e-35,-7.5992e-21,-0.0047215,3.2443e-18,-0.017746,-2.6374e-18,0.010689,-5.9953e-20,-0.0024166,1.4653e-18,0.00031833,2.9701e-19,4.2094e-19,-2.8925e-34,1.5821e-18,2.3513e-34,-9.5295e-19,5.3451e-36,2.1546e-19,-1.3064e-34,-2.8381e-20,0.00027405,-1.8831e-19,0.00103,1.5308e-19,-0.0006204,3.4798e-21,0.00014027,-8.5051e-20,3.945e-19,-2.7107e-34,1.4827e-18,2.2036e-34,-8.9308e-19,5.0093e-36,2.0192e-19,-9.0881e-06,6.2447e-21,-3.4157e-05,-5.0765e-21,2.0574e-05,-1.154e-22,-4.9769e-19,3.4198e-34,-1.8706e-18,-2.78e-34,1.1267e-18,2.7993e-08,-1.9235e-23,1.0521e-07,1.5636e-23,1.0408e-19,-7.1514e-35,3.9117e-19,7.294e-09,-5.012e-24,1.7765e-20
-9.0343e-34,1.4593e-19,-2.9687e-34,-1.984e-18,-1.2053e-34,8.9771e-19,3.4469e-34,-1.9026e-19,-3.0415e-34,2.2989e-20,4.8818e-34,-3.2868e-18,0.00053091,-1.0801e-18,-0.0072181,-4.3853e-19,0.003266,1.2541e-18,-0.0006922,-1.1065e-18,8.3638e-05,2.9304e-34,-4.7333e-20,9.6293e-35,6.4353e-19,3.9097e-35,-2.9118e-19,-1.1181e-34,6.1713e-20,9.8654e-35,1.9078e-19,-3.0815e-05,6.269e-20,0.00041896,2.5453e-20,-0.00018957,-7.2789e-20,4.0177e-05,2.7463e-34,-4.4359e-20,9.0244e-35,6.031e-19,3.6641e-35,-2.7289e-19,-1.0478e-34,-6.3266e-21,1.0219e-06,-2.0789e-21,-1.3894e-05,-8.4409e-22,6.2866e-06,-3.4646e-34,5.5963e-20,-1.1385e-34,-7.6086e-19,-4.6225e-35,1.9487e-23,-3.1477e-09,6.4035e-24,4.2795e-08,7.2452e-35,-1.1703e-20,2.3808e-35,5.0777e-24,-8.2018e-10,1.2367e-35
2.2047e-19,-6.233e-34,4.4717e-19,2.5159e-34,-6.6424e-19,-2.3968e-36,2.4268e-19,-1.663e-34,-4.8496e-20,2.7011e-34,6.3027e-21,0.00080213,-2.2677e-18,0.0016269,9.1531e-19,-0.0024166,-8.7201e-21,0.0008829,-6.0502e-19,-0.00017644,9.8271e-19,-7.1514e-20,2.0217e-34,-1.4505e-19,-8.1605e-35,2.1546e-19,7.7744e-37,-7.8715e-20,5.3941e-35,1.573e-20,-4.6558e-05,1.3162e-19,-9.443e-05,-5.3127e-20,0.00014027,5.0614e-22,-5.1246e-05,3.5117e-20,-6.7021e-20,1.8947e-34,-1.3593e-19,-7.6478e-35,2.0192e-19,7.286e-37,-7.377e-20,1.544e-06,-4.3649e-21,3.1315e-06,1.7618e-21,-4.6516e-06,-1.6785e-23,8.4552e-20,-2.3903e-34,1.7149e-19,9.6482e-35,-2.5474e-19,-4.7557e-09,1.3445e-23,-9.6456e-09,-5.4267e-24,-1.7681e-20,4.9986e-35,-3.5862e-20,-1.2392e-09,3.5032e-24,-3.0181e-21
-6.1143e-34,1.0854e-19,2.4821e-34,2.3887e-19,7.7816e-34,-1.9026e-19,-6.3574e-34,5.8248e-20,3.1217e-34,-9.3078e-21,-3.0011e-34,-2.2245e-18,0.00039488,9.0304e-19,0.00086906,2.8311e-18,-0.0006922,-2.3129e-18,0.00021191,1.1357e-18,-3.3863e-05,1.9832e-34,-3.5206e-20,-8.0511e-35,-7.7481e-20,-2.524e-34,6.1713e-20,2.0621e-34,-1.8893e-20,-1.0126e-34,1.2912e-19,-2.292e-05,-5.2415e-20,-5.0443e-05,-1.6432e-19,4.0177e-05,1.3425e-19,-1.23e-05,1.8587e-34,-3.2994e-20,-7.5453e-35,-7.2614e-20,-2.3655e-34,5.7836e-20,1.9325e-34,-4.2818e-21,7.6008e-07,1.7382e-21,1.6728e-06,5.4494e-21,-1.3324e-06,-2.3448e-34,4.1624e-20,9.5189e-35,9.1607e-20,2.9842e-34,1.3189e-23,-2.3412e-09,-5.354e-24,-5.1525e-09,4.9035e-35,-8.7044e-21,-1.9906e-35,3.4365e-24,-6.1003e-10,8.37e-36
-1.201e-20,-6.6958e-35,-8.4528e-21,8.5394e-34,8.7497e-20,3.7525e-35,-4.8496e-20,-7.7513e-35,1.3256e-20,-2.3096e-34,-2.229e-21,-4.3695e-05,-2.436e-19,-3.0753e-05,3.1068e-18,0.00031833,1.3652e-19,-0.00017644,-2.8201e-19,4.8226e-05,-8.4027e-19,3.8956e-21,2.1719e-35,2.7418e-21,-2.7699e-34,-2.8381e-20,-1.2172e-35,1.573e-20,2.5142e-35,-4.2996e-21,2.5362e-06,1.4139e-20,1.785e-06,-1.8033e-19,-1.8477e-05,-7.9241e-21,1.0241e-05,1.6369e-20,3.6509e-21,2.0354e-35,2.5695e-21,-2.5958e-34,-2.6598e-20,-1.1407e-35,1.4742e-20,-8.4106e-08,-4.689e-22,-5.9194e-08,5.98e-21,6.1273e-07,2.6278e-22,-4.6059e-21,-2.5678e-35,-3.2416e-21,3.2748e-34,3.3555e-20,2.5906e-10,1.4443e-24,1.8233e-10,-1.842e-23,9.6317e-22,5.3698e-36,6.7788e-22,6.7503e-11,3.7633e-25,1.6441e-22
1.2068e-33,-1.4222e-20,4.7393e-34,-1.6136e-20,4.9497e-35,2.2989e-20,3.7883e-34,-9.3078e-21,-2.8155e-34,1.789e-21,2.1456e-34,4.3905e-18,-5.1742e-05,1.7242e-18,-5.8706e-05,1.8008e-19,8.3638e-05,1.3783e-18,-3.3863e-05,-1.0243e-18,6.5086e-06,-3.9144e-34,4.6131e-21,-1.5373e-34,5.2339e-21,-1.6055e-35,-7.4568e-21,-1.2288e-34,3.0191e-21,9.1325e-35,-2.5484e-19,3.0033e-06,-1.0008e-19,3.4075e-06,-1.0452e-20,-4.8546e-06,-7.9998e-20,1.9655e-06,-3.6684e-34,4.3233e-21,-1.4407e-34,4.9051e-21,-1.5046e-35,-6.9883e-21,-1.1516e-34,8.451e-21,-9.9596e-08,3.3189e-21,-1.13e-07,3.4662e-22,1.6099e-07,4.628e-34,-5.4541e-21,1.8175e-34,-6.1882e-21,1.8982e-35,-2.6031e-23,3.0677e-10,-1.0223e-23,3.4806e-10,-9.678e-35,1.1406e-21,-3.8008e-35,-6.7827e-24,7.9935e-11,-1.652e-35
-0.024917,9.9051e-19,0.0029165,2.2379e-19,0.0010184,3.3445e-19,-0.00017302,5.0313e-19,9.4249e-06,-9.2727e-19,3.1715e-07,-9.3058e-18,3.6992e-34,1.0892e-18,8.3579e-35,3.8035e-19,1.2491e-34,-6.4616e-20,1.879e-34,3.5199e-21,-3.4631e-34,0.011278,-4.4831e-19,-0.00132,-1.0129e-19,-0.00046094,-1.5137e-19,7.8308e-05,-2.2772e-19,-4.2657e-06,4.9506e-19,-1.9679e-35,-5.7946e-20,-4.4463e-36,-2.0234e-20,-6.6448e-36,3.4375e-21,-9.9962e-36,-0.00096288,3.8276e-20,0.0001127,8.648e-21,3.9355e-05,1.2924e-20,-6.6859e-06,7.3354e-20,-2.916e-36,-8.586e-21,-6.5882e-37,-2.9981e-21,-9.8459e-37,5.2051e-05,-2.0691e-21,-6.0925e-06,-4.6749e-22,-2.1274e-06,-3.0922e-18,1.2292e-34,3.6193e-19,2.7772e-35,-6.9954e-07,2.7808e-23,8.188e-08,2.5343e-18,-1.0074e-34,-5.0603e-08
4.8539e-19,-0.037971,-6.8667e-19,0.0070489,-6.4543e-19,-0.00011452,4.9412e-19,-8.5175e-05,1.5384e-19,1.1161e-05,2.3674e-19,1.8128e-34,-1.4181e-17,-2.5645e-34,2.6325e-18,-2.4105e-34,-4.2768e-20,1.8454e-34,-3.181e-20,5.7455e-35,4.1682e-21,-2.1969e-19,0.017186,3.1079e-19,-0.0031904,2.9212e-19,5.183e-05,-2.2364e-19,3.855e-05,-6.9629e-20,-9.6438e-36,7.544e-19,1.3643e-35,-1.4005e-19,1.2823e-35,2.2752e-21,-9.8171e-36,1.6923e-21,1.8757e-20,-0.0014673,-2.6535e-20,0.00027239,-2.4941e-20,-4.4252e-06,1.9094e-20,-1.4289e-36,1.1178e-19,2.0215e-36,-2.0751e-20,1.9001e-36,3.3712e-22,-1.014e-21,7.9319e-05,1.4344e-21,-1.4725e-05,1.3483e-21,6.0236e-35,-4.7121e-18,-8.5213e-35,8.7475e-19,1.3627e-23,-1.066e-06,-1.9278e-23,-4.9368e-35,3.8619e-18,9.8575e-25
0.0029165,-8.7773e-19,-0.016677,4.6427e-19,0.0038277,4.7368e-19,-0.00035092,-2.8387e-19,6.6333e-06,-4.2694e-19,1.913e-06,1.0892e-18,-3.278e-34,-6.2282e-18,1.7339e-34,1.4295e-18,1.769e-34,-1.3106e-19,-1.0602e-34,2.4773e-21,-1.5945e-34,-0.00132,3.9726e-19,0.0075479,-2.1013e-19,-0.0017324,-2.1439e-19,0.00015883,1.2848e-19,-3.0022e-06,-5.7946e-20,1.7439e-35,3.3133e-19,-9.2242e-36,-7.6049e-20,-9.411e-36,6.9721e-21,5.64e-36,0.0001127,-3.3918e-20,-0.00064444,1.7941e-20,0.00014791,1.8304e-20,-1.3561e-05,-8.586e-21,2.5839e-36,4.9095e-20,-1.3668e-36,-1.1268e-20,-1.3945e-36,-6.0925e-06,1.8335e-21,3.4837e-05,-9.6984e-22,-7.9958e-06,3.6193e-19,-1.0892e-34,-2.0695e-18,5.7615e-35,8.188e-08,-2.4642e-23,-4.6819e-07,-2.9663e-19,8.9272e-35,5.9229e-09
-3.3155e-19,0.0070489,5.9468e-19,-0.0066207,2.7419e-19,0.0015569,-1.4094e-19,-0.00018746,-7.7688e-19,1.2663e-05,-5.6665e-21,-1.2382e-34,2.6325e-18,2.2209e-34,-2.4726e-18,1.024e-34,5.8147e-19,-5.2638e-35,-7.0008e-20,-2.9014e-34,4.7291e-21,1.5006e-19,-0.0031904,-2.6915e-19,0.0029965,-1.241e-19,-0.00070467,6.3791e-20,8.4842e-05,3.5162e-19,6.5872e-36,-1.4005e-19,-1.1815e-35,1.3154e-19,-5.4476e-36,-3.0933e-20,2.8003e-36,3.7244e-21,-1.2812e-20,0.00027239,2.298e-20,-0.00025584,1.0596e-20,6.0165e-05,-5.4465e-21,9.7604e-37,-2.0751e-20,-1.7507e-36,1.9491e-20,-8.0719e-37,-4.5835e-21,6.9258e-22,-1.4725e-05,-1.2423e-21,1.383e-05,-5.7277e-22,-4.1144e-35,8.7475e-19,7.3799e-35,-8.2161e-19,-9.308e-24,1.979e-07,1.6695e-23,3.3721e-35,-7.1693e-19,-6.7331e-25
0.0010184,-6.9979e-19,0.0038277,5.6887e-19,-0.0023055,1.2932e-20,0.00052127,-3.1607e-19,-6.8663e-05,-6.4064e-20,5.9635e-06,3.8035e-19,-2.6135e-34,1.4295e-18,2.1246e-34,-8.6104e-19,4.8296e-36,1.9468e-19,-1.1804e-34,-2.5643e-20,-2.3926e-35,-0.00046094,3.1673e-19,-0.0017324,-2.5747e-19,0.0010435,-5.8529e-21,-0.00023593,1.4305e-19,3.1077e-05,-2.0234e-20,1.3903e-35,-7.6049e-20,-1.1302e-35,4.5806e-20,-2.5693e-37,-1.0356e-20,6.2796e-36,3.9355e-05,-2.7042e-20,0.00014791,2.1983e-20,-8.9093e-05,4.9972e-22,2.0143e-05,-2.9981e-21,2.0601e-36,-1.1268e-20,-1.6747e-36,6.7873e-21,-3.807e-38,-2.1274e-06,1.4618e-21,-7.9958e-06,-1.1883e-21,4.8161e-06,1.2638e-19,-8.6842e-35,4.7501e-19,7.0596e-35,2.8592e-08,-1.9646e-23,1.0746e-07,-1.0358e-19,7.1174e-35,2.0682e-09
7.0896e-19,-0.00011452,2.3297e-19,0.0015569,9.4589e-20,-0.00070448,-2.705e-19,0.00014931,2.3868e-19,-1.8041e-05,-3.831e-19,2.6477e-34,-4.2768e-20,8.7006e-35,5.8147e-19,3.5326e-35,-2.631e-19,-1.0102e-34,5.5761e-20,8.9139e-35,-6.7376e-21,-3.2088e-19,5.183e-05,-1.0544e-19,-0.00070467,-4.2811e-20,0.00031885,1.2243e-19,-6.7576e-05,-1.0803e-19,-1.4086e-35,2.2752e-21,-4.6286e-36,-3.0933e-20,-1.8793e-36,1.3997e-20,5.3743e-36,-2.9664e-21,2.7397e-20,-4.4252e-06,9.0026e-21,6.0165e-05,3.6552e-21,-2.7223e-05,-1.0453e-20,-2.0871e-36,3.3712e-22,-6.8584e-37,-4.5835e-21,-2.7846e-37,2.0739e-21,-1.481e-21,2.3922e-07,-4.8666e-22,-3.2524e-06,-1.9759e-22,8.798e-35,-1.4211e-20,2.8911e-35,1.9321e-19,1.9904e-23,-3.215e-09,6.5405e-24,-7.2107e-35,1.1647e-20,1.4398e-24
-0.00017302,4.8913e-19,-0.00035092,-1.9743e-19,0.00052127,1.8809e-21,-0.00019044,1.305e-19,3.8057e-05,-2.1197e-19,-4.9461e-06,-6.4616e-20,1.8267e-34,-1.3106e-19,-7.3734e-35,1.9468e-19,7.0246e-37,-7.1123e-20,4.8738e-35,1.4213e-20,-7.9164e-35,7.8308e-05,-2.2138e-19,0.00015883,8.9358e-20,-0.00023593,-8.513e-22,8.6193e-05,-5.9065e-20,-1.7225e-05,3.4375e-21,-9.718e-36,6.9721e-21,3.9226e-36,-1.0356e-20,-3.737e-38,3.7837e-21,-2.5928e-36,-6.6859e-06,1.8902e-20,-1.3561e-05,-7.6294e-21,2.0143e-05,7.2684e-23,-7.3592e-06,5.0934e-22,-1.4399e-36,1.0331e-21,5.8122e-37,-1.5346e-21,-5.5372e-39,3.6142e-07,-1.0218e-21,7.3305e-07,4.1242e-22,-1.0889e-06,-2.1471e-20,6.07e-35,-4.3548e-20,-2.4501e-35,-4.8574e-09,1.3732e-23,-9.8519e-09,1.7597e-20,-4.9748e-35,-3.5137e-10
4.7982e-19,-8.5175e-05,-1.9478e-19,-0.00018746,-6.1066e-19,0.00014931,4.9889e-19,-4.571e-05,-2.4498e-19,7.3043e-06,2.3551e-19,1.792e-34,-3.181e-20,-7.2746e-35,-7.0008e-20,-2.2806e-34,5.5761e-20,1.8632e-34,-1.7071e-20,-9.1492e-35,2.7279e-21,-2.1717e-19,3.855e-05,8.816e-20,8.4842e-05,2.7638e-19,-6.7576e-05,-2.258e-19,2.0688e-05,1.1088e-19,-9.5331e-36,1.6923e-21,3.87e-36,3.7244e-21,1.2133e-35,-2.9664e-21,-9.912e-36,9.0816e-22,1.8542e-20,-3.2914e-06,-7.5271e-21,-7.2439e-06,-2.3598e-20,5.7697e-06,1.9279e-20,-1.4125e-36,2.5075e-22,5.7343e-37,5.5185e-22,1.7977e-36,-4.3954e-22,-1.0023e-21,1.7793e-07,4.0689e-22,3.9158e-07,1.2756e-21,5.9544e-35,-1.057e-20,-2.4172e-35,-2.3263e-20,1.3471e-23,-2.3912e-09,-5.4685e-24,-4.8801e-35,8.663e-21,9.7443e-25
9.4249e-06,5.2545e-20,6.6333e-06,-6.7013e-19,-6.8663e-05,-2.9448e-20,3.8057e-05,6.0829e-20,-1.0402e-05,1.8125e-19,1.7492e-06,3.5199e-21,1.9624e-35,2.4773e-21,-2.5027e-34,-2.5643e-20,-1.0998e-35,1.4213e-20,2.2718e-35,-3.8849e-21,6.7689e-35,-4.2657e-06,-2.3782e-20,-3.0022e-06,3.033e-19,3.1077e-05,1.3328e-20,-1.7225e-05,-2.7531e-20,4.7081e-06,-1.8725e-22,-1.044e-36,-1.3179e-22,1.3314e-35,1.3642e-21,5.8507e-37,-7.5611e-22,-1.2085e-36,3.6421e-07,2.0305e-21,2.5633e-07,-2.5896e-20,-2.6534e-06,-1.1379e-21,1.4706e-06,-2.7746e-23,-1.5469e-37,-1.9528e-23,1.9728e-36,2.0214e-22,8.6691e-38,-1.9688e-08,-1.0976e-22,-1.3857e-08,1.3999e-21,1.4343e-07,1.1696e-21,6.5207e-36,8.2318e-22,-8.3161e-35,2.646e-10,1.4752e-24,1.8623e-10,-9.5859e-22,-5.3442e-36,1.914e-11
-6.7818e-18,2.6959e-34,7.9379e-19,6.091e-35,2.7718e-19,9.1028e-35,-4.709e-20,1.3694e-34,2.5652e-21,-2.5238e-34,8.632e-23,-0.0067051,2.6654e-19,0.00078482,6.0221e-20,0.00027405,8.9998e-20,-4.6558e-05,1.3539e-19,2.5362e-06,-2.4952e-19,1.6877e-18,-6.7089e-35,-1.9754e-19,-1.5158e-35,-6.8979e-20,-2.2653e-35,1.1719e-20,-3.4078e-35,-6.3837e-22,0.0014553,-5.785e-20,-0.00017034,-1.307e-20,-5.9479e-05,-1.9533e-20,1.0105e-05,-2.9385e-20,3.342e-18,-1.3285e-34,-3.9118e-19,-3.0016e-35,-1.366e-19,-4.4858e-35,2.3206e-20,-0.00018365,7.3005e-21,2.1496e-05,1.6494e-21,7.5062e-06,2.465e-21,-4.8926e-18,1.9449e-34,5.7267e-19,4.3942e-35,1.9997e-19,1.4402e-05,-5.725e-22,-1.6857e-06,-1.2935e-22,-1.2839e-18,5.1037e-35,1.5028e-19,-3.3282e-07,1.323e-23,-1.2567e-18
1.3211e-34,-1.0335e-17,-1.8689e-34,1.9185e-18,-1.7567e-34,-3.1168e-20,1.3448e-34,-2.3182e-20,4.1871e-35,3.0376e-21,6.4433e-35,1.3062e-19,-0.010218,-1.8478e-19,0.0018968,-1.7368e-19,-3.0815e-05,1.3296e-19,-2.292e-05,4.1397e-20,3.0033e-06,-3.2876e-35,2.5718e-18,4.6509e-35,-4.7744e-19,4.3716e-35,7.7563e-21,-3.3467e-35,5.769e-21,-1.042e-35,-2.8349e-20,0.0022176,4.0104e-20,-0.00041168,3.7695e-20,6.6882e-06,-2.8858e-20,4.9745e-06,-6.5103e-35,5.0928e-18,9.2099e-35,-9.4544e-19,8.6568e-35,1.5359e-20,-6.6274e-35,3.5776e-21,-0.00027986,-5.061e-21,5.1954e-05,-4.7571e-21,-8.4403e-07,9.5309e-35,-7.4557e-18,-1.3483e-34,1.3841e-18,-1.2673e-34,-2.8055e-22,2.1946e-05,3.9688e-22,-4.0742e-06,2.501e-35,-1.9565e-18,-3.5381e-35,6.4834e-24,-5.0718e-07,2.4481e-35
7.9379e-19,-2.3889e-34,-4.5389e-18,1.2636e-34,1.0418e-18,1.2892e-34,-9.551e-20,-7.7262e-35,1.8054e-21,-1.162e-34,5.2067e-22,0.00078482,-2.3619e-19,-0.0044876,1.2493e-19,0.00103,1.2746e-19,-9.443e-05,-7.6388e-20,1.785e-06,-1.1489e-19,-1.9754e-19,5.945e-35,1.1295e-18,-3.1446e-35,-2.5926e-19,-3.2083e-35,2.3768e-20,1.9227e-35,-4.4928e-22,-0.00017034,5.1263e-20,0.00097399,-2.7115e-20,-0.00022355,-2.7665e-20,2.0495e-05,1.6579e-20,-3.9118e-19,1.1773e-34,2.2368e-18,-6.2271e-35,-5.1339e-19,-6.3532e-35,4.7067e-20,2.1496e-05,-6.4692e-21,-0.00012291,3.4219e-21,2.8212e-05,3.4912e-21,5.7267e-19,-1.7235e-34,-3.2745e-18,9.1162e-35,7.5158e-19,-1.6857e-06,5.0731e-22,9.6389e-06,-2.6834e-22,1.5028e-19,-4.5226e-35,-8.5929e-19,3.8956e-08,-1.1724e-23,1.471e-19
-9.0237e-35,1.9185e-18,1.6186e-34,-1.802e-18,7.4627e-35,4.2375e-19,-3.8361e-35,-5.102e-20,-2.1144e-34,3.4464e-21,-1.5423e-36,-8.9217e-20,0.0018968,1.6002e-19,-0.0017816,7.3783e-20,0.00041896,-3.7927e-20,-5.0443e-05,-2.0905e-19,3.4075e-06,2.2456e-35,-4.7744e-19,-4.0279e-35,4.4843e-19,-1.8571e-35,-1.0545e-19,9.5464e-36,1.2697e-20,5.2619e-35,1.9364e-20,-0.00041168,-3.4732e-20,0.00038667,-1.6014e-20,-9.0931e-05,8.2317e-21,1.0948e-05,4.4469e-35,-9.4544e-19,-7.9762e-35,8.88e-19,-3.6776e-35,-2.0882e-19,1.8904e-35,-2.4436e-21,5.1954e-05,4.3831e-21,-4.8797e-05,2.0209e-21,1.1475e-05,-6.5101e-35,1.3841e-18,1.1677e-34,-1.3e-18,5.3839e-35,1.9163e-22,-4.0742e-06,-3.4372e-22,3.8267e-06,-1.7083e-35,3.632e-19,3.0642e-35,-4.4285e-24,9.4153e-08,-1.6722e-35
2.7718e-19,-1.9046e-34,1.0418e-18,1.5483e-34,-6.275e-19,3.5196e-36,1.4187e-19,-8.6024e-35,-1.8688e-20,-1.7436e-35,1.6231e-21,0.00027405,-1.8831e-19,0.00103,1.5308e-19,-0.0006204,3.4798e-21,0.00014027,-8.5051e-20,-1.8477e-05,-1.7239e-20,-6.8979e-20,4.7398e-35,-2.5926e-19,-3.8531e-35,1.5616e-19,-8.7588e-37,-3.5306e-20,2.1408e-35,4.6507e-21,-5.9479e-05,4.087e-20,-0.00022355,-3.3224e-20,0.00013465,-7.5526e-22,-3.0444e-05,1.8459e-20,-1.366e-19,9.3859e-35,-5.1339e-19,-7.63e-35,3.0923e-19,-1.7345e-36,-6.9915e-20,7.5062e-06,-5.1578e-21,2.8212e-05,4.1928e-21,-1.6993e-05,9.5312e-23,1.9997e-19,-1.3741e-34,7.5158e-19,1.117e-34,-4.527e-19,-5.8863e-07,4.0447e-22,-2.2123e-06,-3.288e-22,5.2475e-20,-3.6057e-35,1.9723e-19,1.3603e-08,-9.3471e-24,5.1365e-20
1.9296e-34,-3.1168e-20,6.3407e-35,4.2375e-19,2.5744e-35,-1.9174e-19,-7.3622e-35,4.0637e-20,6.4962e-35,-4.9102e-21,-1.0427e-34,1.9078e-19,-3.0815e-05,6.269e-20,0.00041896,2.5453e-20,-0.00018957,-7.2789e-20,4.0177e-05,6.4227e-20,-4.8546e-06,-4.8019e-35,7.7563e-21,-1.5779e-35,-1.0545e-19,-6.4067e-36,4.7715e-20,1.8321e-35,-1.0113e-20,-1.6166e-35,-4.1406e-20,6.6882e-06,-1.3606e-20,-9.0931e-05,-5.5244e-21,4.1144e-05,1.5798e-20,-8.7201e-06,-9.509e-35,1.5359e-20,-3.1247e-35,-2.0882e-19,-1.2687e-35,9.4488e-20,3.6281e-35,5.2254e-21,-8.4403e-07,1.7171e-21,1.1475e-05,6.9716e-22,-5.1923e-06,1.3921e-34,-2.2486e-20,4.5744e-35,3.0571e-19,1.8573e-35,-4.0977e-22,6.6188e-08,-1.3465e-22,-8.9989e-07,3.653e-35,-5.9006e-21,1.2004e-35,9.4697e-24,-1.5296e-09,3.5757e-35
-4.709e-20,1.3313e-34,-9.551e-20,-5.3735e-35,1.4187e-19,5.1193e-37,-5.1832e-20,3.5519e-35,1.0358e-20,-5.7692e-35,-1.3462e-21,-4.6558e-05,1.3162e-19,-9.443e-05,-5.3127e-20,0.00014027,5.0614e-22,-5.1246e-05,3.5117e-20,1.0241e-05,-5.704e-20,1.1719e-20,-3.313e-35,2.3768e-20,1.3372e-35,-3.5306e-20,-1.274e-37,1.2899e-20,-8.8391e-36,-2.5777e-21,1.0105e-05,-2.8567e-20,2.0495e-05,1.1531e-20,-3.0444e-05,-1.0985e-22,1.1122e-05,-7.6218e-21,2.3206e-20,-6.5605e-35,4.7067e-20,2.6481e-35,-6.9915e-20,-2.5228e-37,2.5543e-20,-1.2752e-06,3.6051e-21,-2.5864e-06,-1.4552e-21,3.842e-06,1.3863e-23,-3.3973e-20,9.6043e-35,-6.8904e-20,-3.8766e-35,1.0235e-19,1e-07,-2.8271e-22,2.0283e-07,1.1411e-22,-8.9149e-21,2.5203e-35,-1.8081e-20,-2.311e-09,6.5333e-24,-8.7263e-21
1.3059e-34,-2.3182e-20,-5.3015e-35,-5.102e-20,-1.662e-34,4.0637e-20,1.3578e-34,-1.2441e-20,-6.6676e-35,1.988e-21,6.4099e-35,1.2912e-19,-2.292e-05,-5.2415e-20,-5.0443e-05,-1.6432e-19,4.0177e-05,1.3425e-19,-1.23e-05,-6.5922e-20,1.9655e-06,-3.2499e-35,5.769e-21,1.3193e-35,1.2697e-20,4.1361e-35,-1.0113e-20,-3.3791e-35,3.096e-21,1.6593e-35,-2.8023e-20,4.9745e-06,1.1376e-20,1.0948e-05,3.5665e-20,-8.7201e-06,-2.9137e-20,2.6696e-06,-6.4356e-35,1.1424e-20,2.6126e-35,2.5142e-20,8.1905e-35,-2.0026e-20,-6.6914e-35,3.5365e-21,-6.2778e-07,-1.4356e-21,-1.3816e-06,-4.5008e-21,1.1005e-06,9.4215e-35,-1.6724e-20,-3.8247e-35,-3.6808e-20,-1.1991e-34,-2.7733e-22,4.923e-08,1.1258e-22,1.0835e-07,2.4723e-35,-4.3887e-21,-1.0037e-35,6.409e-24,-1.1377e-09,2.42e-35
0.00038451,-1.5285e-20,-4.5006e-05,-3.4534e-21,-1.5716e-05,-5.161e-21,2.6699e-06,-7.764e-21,-1.4544e-07,1.4309e-20,-4.8941e-09,-5.0212e-18,1.996e-34,5.8772e-19,4.5097e-35,2.0522e-19,6.7396e-35,-3.4865e-20,1.0139e-34,1.8993e-21,-1.8686e-34,-0.00096288,3.8276e-20,0.0001127,8.648e-21,3.9355e-05,1.2924e-20,-6.6859e-06,1.9443e-20,3.6421e-07,3.8852e-18,-1.5444e-34,-4.5475e-19,-3.4894e-35,-1.5879e-19,-5.2148e-35,2.6977e-20,-7.845e-35,0.00026633,-1.0587e-20,-3.1174e-05,-2.392e-21,-1.0885e-05,-3.5748e-21,1.8493e-06,3.6425e-18,-1.448e-34,-4.2635e-19,-3.2714e-35,-1.4887e-19,-4.8891e-35,-4.7019e-05,1.8691e-21,5.5035e-06,4.223e-22,1.9218e-06,-4.0523e-18,1.6109e-34,4.7431e-19,3.6395e-35,4.8375e-06,-1.923e-22,-5.6623e-07,-1.6095e-18,6.3979e-35,-1.4248e-07
-7.4903e-21,0.00058594,1.0596e-20,-0.00010877,9.9598e-21,1.7671e-06,-7.6249e-21,1.3144e-06,-2.374e-21,-1.7223e-07,-3.6532e-21,9.7813e-35,-7.6516e-18,-1.3837e-34,1.4205e-18,-1.3006e-34,-2.3077e-20,9.9571e-35,-1.7164e-20,3.1001e-35,2.249e-21,1.8757e-20,-0.0014673,-2.6535e-20,0.00027239,-2.4941e-20,-4.4252e-06,1.9094e-20,-3.2914e-06,5.9449e-21,-7.5684e-35,5.9205e-18,1.0707e-34,-1.0991e-18,1.0064e-34,1.7856e-20,-7.7044e-35,1.3281e-20,-5.1882e-21,0.00040586,7.3395e-21,-7.5343e-05,6.8987e-21,1.224e-06,-5.2814e-21,-7.0956e-35,5.5506e-18,1.0038e-34,-1.0304e-18,9.435e-35,1.674e-20,9.1594e-22,-7.1651e-05,-1.2957e-21,1.3301e-05,-1.2179e-21,7.8939e-35,-6.1751e-18,-1.1167e-34,1.1464e-18,-9.4236e-23,7.3718e-06,1.3331e-22,3.1352e-35,-2.4526e-18,2.7754e-24
-4.5006e-05,1.3544e-20,0.00025734,-7.1643e-21,-5.9066e-05,-7.3095e-21,5.4151e-06,4.3805e-21,-1.0236e-07,6.5883e-21,-2.9521e-08,5.8772e-19,-1.7687e-34,-3.3606e-18,9.3557e-35,7.7133e-19,9.5453e-35,-7.0715e-20,-5.7204e-35,1.3367e-21,-8.6035e-35,0.0001127,-3.3918e-20,-0.00064444,1.7941e-20,0.00014791,1.8304e-20,-1.3561e-05,-1.097e-20,2.5633e-07,-4.5475e-19,1.3686e-34,2.6003e-18,-7.2391e-35,-5.9682e-19,-7.3857e-35,5.4716e-20,4.4262e-35,-3.1174e-05,9.3817e-21,0.00017825,-4.9624e-21,-4.0913e-05,-5.063e-21,3.7508e-06,-4.2635e-19,1.2831e-34,2.4378e-18,-6.7869e-35,-5.5954e-19,-6.9243e-35,5.5035e-06,-1.6563e-21,-3.1469e-05,8.7608e-22,7.2229e-06,4.7431e-19,-1.4274e-34,-2.7121e-18,7.5504e-35,-5.6623e-07,1.7041e-22,3.2377e-06,1.8838e-19,-5.6694e-35,1.6677e-08
5.1162e-21,-0.00010877,-9.1767e-21,0.00010217,-4.2311e-21,-2.4026e-05,2.175e-21,2.8927e-06,1.1988e-20,-1.954e-07,8.7442e-23,-6.6811e-35,1.4205e-18,1.1984e-34,-1.3342e-18,5.5253e-35,3.1374e-19,-2.8402e-35,-3.7775e-20,-1.5655e-34,2.5517e-21,-1.2812e-20,0.00027239,2.298e-20,-0.00025584,1.0596e-20,6.0165e-05,-5.4465e-21,-7.2439e-06,-3.0021e-20,5.1696e-35,-1.0991e-18,-9.2725e-35,1.0323e-18,-4.2753e-35,-2.4276e-19,2.1976e-35,2.9229e-20,3.5438e-21,-7.5343e-05,-6.3564e-21,7.0766e-05,-2.9307e-21,-1.6642e-05,1.5065e-21,4.8466e-35,-1.0304e-18,-8.6932e-35,9.6783e-19,-4.0082e-35,-2.276e-19,-6.2563e-22,1.3301e-05,1.1222e-21,-1.2493e-05,5.174e-22,-5.3919e-35,1.1464e-18,9.6713e-35,-1.0767e-18,6.4368e-23,-1.3685e-06,-1.1545e-22,-2.1415e-35,4.553e-19,-1.8958e-24
-1.5716e-05,1.0799e-20,-5.9066e-05,-8.7785e-21,3.5577e-05,-1.9955e-22,-8.0438e-06,4.8773e-21,1.0596e-06,9.8859e-22,-9.2024e-08,2.0522e-19,-1.4102e-34,7.7133e-19,1.1464e-34,-4.646e-19,2.6059e-36,1.0504e-19,-6.3692e-35,-1.3837e-20,-1.291e-35,3.9355e-05,-2.7042e-20,0.00014791,2.1983e-20,-8.9093e-05,4.9972e-22,2.0143e-05,-1.2214e-20,-2.6534e-06,-1.5879e-19,1.0911e-34,-5.9682e-19,-8.87e-35,3.5949e-19,-2.0163e-36,-8.1277e-20,4.9282e-35,-1.0885e-05,7.4798e-21,-4.0913e-05,-6.0805e-21,2.4643e-05,-1.3822e-22,-5.5716e-06,-1.4887e-19,1.023e-34,-5.5954e-19,-8.3159e-35,3.3703e-19,-1.8904e-36,1.9218e-06,-1.3205e-21,7.2229e-06,1.0735e-21,-4.3506e-06,1.6562e-19,-1.1381e-34,6.2249e-19,9.2515e-35,-1.9772e-07,1.3586e-22,-7.4312e-07,6.5781e-20,-4.5201e-35,5.8232e-09
-1.094e-20,1.7671e-06,-3.595e-21,-2.4026e-05,-1.4596e-21,1.0871e-05,4.1742e-21,-2.304e-06,-3.6831e-21,2.7839e-07,5.9117e-21,1.4287e-34,-2.3077e-20,4.6946e-35,3.1374e-19,1.9061e-35,-1.4196e-19,-5.4509e-35,3.0087e-20,4.8097e-35,-3.6354e-21,2.7397e-20,-4.4252e-06,9.0026e-21,6.0165e-05,3.6552e-21,-2.7223e-05,-1.0453e-20,5.7697e-06,9.2233e-21,-1.1054e-34,1.7856e-20,-3.6325e-35,-2.4276e-19,-1.4749e-35,1.0984e-19,4.2177e-35,-2.328e-20,-7.5778e-21,1.224e-06,-2.4901e-21,-1.6642e-05,-1.011e-21,7.5299e-06,2.8913e-21,-1.0364e-34,1.674e-20,-3.4056e-35,-2.276e-19,-1.3827e-35,1.0298e-19,1.3378e-21,-2.1609e-07,4.3961e-22,2.9379e-06,1.7849e-22,1.153e-34,-1.8624e-20,3.7887e-35,2.532e-19,-1.3764e-22,2.2233e-08,-4.5229e-23,4.5793e-35,-7.3968e-21,4.0538e-24
2.6699e-06,-7.5479e-21,5.4151e-06,3.0466e-21,-8.0438e-06,-2.9025e-23,2.9387e-06,-2.0138e-21,-5.8727e-07,3.271e-21,7.6324e-08,-3.4865e-20,9.8567e-35,-7.0715e-20,-3.9785e-35,1.0504e-19,3.7903e-37,-3.8376e-20,2.6298e-35,7.669e-21,-4.2715e-35,-6.6859e-06,1.8902e-20,-1.3561e-05,-7.6294e-21,2.0143e-05,7.2684e-23,-7.3592e-06,5.043e-21,1.4706e-06,2.6977e-20,-7.6267e-35,5.4716e-20,3.0784e-35,-8.1277e-20,-2.9328e-37,2.9694e-20,-2.0348e-35,1.8493e-06,-5.2281e-21,3.7508e-06,2.1103e-21,-5.5716e-06,-2.0104e-23,2.0355e-06,2.5292e-20,-7.1502e-35,5.1298e-20,2.8861e-35,-7.62e-20,-2.7496e-37,-3.2648e-07,9.2299e-22,-6.6219e-07,-3.7255e-22,9.8363e-07,-2.8138e-20,7.9547e-35,-5.707e-20,-3.2108e-35,3.359e-08,-9.4962e-23,6.8129e-08,-1.1175e-20,3.1594e-35,-9.893e-10
-1.1692e-18,4.6477e-35,1.3685e-19,1.0501e-35,4.7786e-20,1.5693e-35,-8.1183e-21,2.3608e-35,4.4224e-22,-4.351e-35,1.4882e-23,0.00022236,-8.8391e-21,-2.6026e-05,-1.9971e-21,-9.0881e-06,-2.9845e-21,1.544e-06,-4.4898e-21,-8.4106e-08,8.2747e-21,-8.7527e-20,3.4793e-36,1.0245e-20,7.8611e-37,3.5774e-21,1.1748e-36,-6.0775e-22,1.7673e-36,3.3107e-23,-0.00018365,7.3005e-21,2.1496e-05,1.6494e-21,7.5062e-06,2.465e-21,-1.2752e-06,3.7083e-21,5.1189e-18,-2.0349e-34,-5.9916e-19,-4.5975e-35,-2.0922e-19,-6.8708e-35,3.5544e-20,6.7059e-05,-2.6657e-21,-7.8492e-06,-6.0229e-22,-2.7408e-06,-9.001e-22,-4.0675e-18,1.6169e-34,4.761e-19,3.6532e-35,1.6625e-19,-1.5295e-05,6.0799e-22,1.7902e-06,1.3737e-22,7.0251e-19,-2.7926e-35,-8.2228e-20,1.8634e-06,-7.4073e-23,7.7218e-19
2.2776e-35,-1.7817e-18,-3.222e-35,3.3075e-19,-3.0285e-35,-5.3733e-21,2.3185e-35,-3.9966e-21,7.2186e-36,5.2369e-22,1.1108e-35,-4.3315e-21,0.00033884,6.1276e-21,-6.2903e-05,5.7596e-21,1.0219e-06,-4.4094e-21,7.6008e-07,-1.3728e-21,-9.9596e-08,1.705e-36,-1.3338e-19,-2.412e-36,2.4761e-20,-2.2672e-36,-4.0226e-22,1.7357e-36,-2.9919e-22,5.4039e-37,3.5776e-21,-0.00027986,-5.061e-21,5.1954e-05,-4.7571e-21,-8.4403e-07,3.6419e-21,-6.2778e-07,-9.9717e-35,7.8006e-18,1.4107e-34,-1.4481e-18,1.3259e-34,2.3526e-20,-1.0151e-34,-1.3063e-21,0.00010219,1.848e-21,-1.8971e-05,1.737e-21,3.0819e-07,7.9237e-35,-6.1984e-18,-1.1209e-34,1.1507e-18,-1.0536e-34,2.9794e-22,-2.3307e-05,-4.2149e-22,4.3268e-06,-1.3685e-35,1.0705e-18,1.936e-35,-3.6299e-23,2.8396e-06,-1.5042e-35
1.3685e-19,-4.1185e-35,-7.8251e-19,2.1785e-35,1.796e-19,2.2226e-35,-1.6466e-20,-1.332e-35,3.1125e-22,-2.0033e-35,8.9764e-23,-2.6026e-05,7.8326e-21,0.00014882,-4.143e-21,-3.4157e-05,-4.227e-21,3.1315e-06,2.5332e-21,-5.9194e-08,3.8099e-21,1.0245e-20,-3.0832e-36,-5.858e-20,1.6308e-36,1.3445e-20,1.6639e-36,-1.2327e-21,-9.9716e-37,2.3301e-23,2.1496e-05,-6.4692e-21,-0.00012291,3.4219e-21,2.8212e-05,3.4912e-21,-2.5864e-06,-2.0923e-21,-5.9916e-19,1.8032e-34,3.426e-18,-9.5379e-35,-7.8635e-19,-9.7311e-35,7.2091e-20,-7.8492e-06,2.3622e-21,4.4882e-05,-1.2495e-21,-1.0301e-05,-1.2748e-21,4.761e-19,-1.4328e-34,-2.7223e-18,7.5789e-35,6.2484e-19,1.7902e-06,-5.3876e-22,-1.0237e-05,2.8498e-22,-8.2228e-20,2.4746e-35,4.7018e-19,-2.1811e-07,6.5639e-23,-9.0382e-20
-1.5557e-35,3.3075e-19,2.7904e-35,-3.1066e-19,1.2866e-35,7.3055e-20,-6.6134e-36,-8.7958e-21,-3.6453e-35,5.9417e-22,-2.6589e-37,2.9586e-21,-6.2903e-05,-5.3068e-21,5.9081e-05,-2.4468e-21,-1.3894e-05,1.2577e-21,1.6728e-06,6.9327e-21,-1.13e-07,-1.1646e-36,2.4761e-20,2.0889e-36,-2.3256e-20,9.6315e-37,5.469e-21,-4.9509e-37,-6.5847e-22,-2.7289e-36,-2.4436e-21,5.1954e-05,4.3831e-21,-4.8797e-05,2.0209e-21,1.1475e-05,-1.0388e-21,-1.3816e-06,6.8112e-35,-1.4481e-18,-1.2217e-34,1.3601e-18,-5.6329e-35,-3.1985e-19,2.8955e-35,8.9229e-22,-1.8971e-05,-1.6005e-21,1.7818e-05,-7.3793e-22,-4.1902e-06,-5.4122e-35,1.1507e-18,9.7077e-35,-1.0808e-18,4.476e-35,-2.0351e-22,4.3268e-06,3.6503e-22,-4.0639e-06,9.3475e-36,-1.9874e-19,-1.6766e-35,2.4794e-23,-5.2714e-07,1.0274e-35
4.7786e-20,-3.2836e-35,1.796e-19,2.6693e-35,-1.0818e-19,6.0678e-37,2.4459e-20,-1.483e-35,-3.2218e-21,-3.006e-36,2.7982e-22,-9.0881e-06,6.2447e-21,-3.4157e-05,-5.0765e-21,2.0574e-05,-1.154e-22,-4.6516e-06,2.8205e-21,6.1273e-07,5.7169e-22,3.5774e-21,-2.4581e-36,1.3445e-20,1.9983e-36,-8.0986e-21,4.5425e-38,1.831e-21,-1.1102e-36,-2.4119e-22,7.5062e-06,-5.1578e-21,2.8212e-05,4.1928e-21,-1.6993e-05,9.5312e-23,3.842e-06,-2.3295e-21,-2.0922e-19,1.4376e-34,-7.8635e-19,-1.1687e-34,4.7364e-19,-2.6566e-36,-1.0709e-19,-2.7408e-06,1.8833e-21,-1.0301e-05,-1.531e-21,6.2048e-06,-3.4803e-23,1.6625e-19,-1.1424e-34,6.2484e-19,9.2864e-35,-3.7636e-19,6.2512e-07,-4.2954e-22,2.3495e-06,3.4918e-22,-2.8713e-20,1.973e-35,-1.0792e-19,-7.616e-08,5.2332e-23,-3.156e-20
3.3266e-35,-5.3733e-21,1.0931e-35,7.3055e-20,4.4383e-36,-3.3056e-20,-1.2692e-35,7.0058e-21,1.1199e-35,-8.4651e-22,-1.7976e-35,-6.3266e-21,1.0219e-06,-2.0789e-21,-1.3894e-05,-8.4409e-22,6.2866e-06,2.4139e-21,-1.3324e-06,-2.1299e-21,1.6099e-07,2.4904e-36,-4.0226e-22,8.1834e-37,5.469e-21,3.3226e-37,-2.4746e-21,-9.5017e-37,5.2447e-22,8.384e-37,5.2254e-21,-8.4403e-07,1.7171e-21,1.1475e-05,6.9716e-22,-5.1923e-06,-1.9937e-21,1.1005e-06,-1.4565e-34,2.3526e-20,-4.786e-35,-3.1985e-19,-1.9432e-35,1.4473e-19,5.557e-35,-1.908e-21,3.0819e-07,-6.2698e-22,-4.1902e-06,-2.5457e-22,1.8959e-06,1.1573e-34,-1.8694e-20,3.803e-35,2.5416e-19,1.5441e-35,4.3517e-22,-7.0292e-08,1.43e-22,9.5568e-07,-1.9988e-35,3.2286e-21,-6.5682e-36,-5.3018e-23,8.5638e-09,-2.197e-35
7.4319e-06,-2.9543e-22,-8.699e-07,-6.6749e-23,-3.0376e-07,-9.9755e-23,5.1605e-08,-1.5007e-22,-2.8111e-09,2.7657e-22,-9.4596e-11,9.9697e-18,-3.9632e-34,-1.1669e-18,-8.9542e-35,-4.0748e-19,-1.3382e-34,6.9226e-20,-2.0131e-34,-3.771e-21,3.7101e-34,5.2051e-05,-2.0691e-21,-6.0925e-06,-4.6749e-22,-2.1274e-06,-6.9865e-22,3.6142e-07,-1.051e-21,-1.9688e-08,-2.1117e-18,8.3945e-35,2.4717e-19,1.8966e-35,8.631e-20,2.8344e-35,-1.4663e-20,4.264e-35,-4.7019e-05,1.8691e-21,5.5035e-06,4.223e-22,1.9218e-06,6.3111e-22,-3.2648e-07,-3.22e-18,1.28e-34,3.769e-19,2.892e-35,1.3161e-19,4.3221e-35,2.1644e-05,-8.6038e-22,-2.5334e-06,-1.9439e-22,-8.8462e-07,-1.62e-18,6.4397e-35,1.8962e-19,1.455e-35,-6.0462e-06,2.4035e-22,7.077e-07,-2.735e-19,1.0872e-35,9.1185e-07
-1.4478e-22,1.1325e-05,2.0481e-22,-2.1024e-06,1.9251e-22,3.4156e-08,-1.4738e-22,2.5405e-08,-4.5885e-23,-3.3289e-09,-7.0611e-23,-1.9421e-34,1.5193e-17,2.7474e-34,-2.8204e-18,2.5824e-34,4.5819e-20,-1.977e-34,3.408e-20,-6.1554e-35,-4.4655e-21,-1.014e-21,7.9319e-05,1.4344e-21,-1.4725e-05,1.3483e-21,2.3922e-07,-1.0322e-21,1.7793e-07,-3.2137e-22,4.1137e-35,-3.218e-18,-5.8194e-35,5.9739e-19,-5.4699e-35,-9.7051e-21,4.1876e-35,-7.2185e-21,9.1594e-22,-7.1651e-05,-1.2957e-21,1.3301e-05,-1.2179e-21,-2.1609e-07,9.324e-22,6.2727e-35,-4.9069e-18,-8.8737e-35,9.1093e-19,-8.3408e-35,-1.4799e-20,-4.2162e-22,3.2982e-05,5.9645e-22,-6.1228e-06,5.6063e-22,3.1557e-35,-2.4686e-18,-4.4643e-35,4.5828e-19,1.1778e-22,-9.2136e-06,-1.6662e-22,5.3279e-36,-4.1678e-19,-1.7763e-23
-8.699e-07,2.6179e-22,4.9741e-06,-1.3848e-22,-1.1417e-06,-1.4128e-22,1.0467e-07,8.4669e-23,-1.9785e-09,1.2734e-22,-5.7059e-10,-1.1669e-18,3.5119e-34,6.6726e-18,-1.8576e-34,-1.5315e-18,-1.8952e-34,1.4041e-19,1.1358e-34,-2.6541e-21,1.7083e-34,-6.0925e-06,1.8335e-21,3.4837e-05,-9.6984e-22,-7.9958e-06,-9.8949e-22,7.3305e-07,5.93e-22,-1.3857e-08,2.4717e-19,-7.4386e-35,-1.4133e-18,3.9347e-35,3.2439e-19,4.0144e-35,-2.974e-20,-2.4058e-35,5.5035e-06,-1.6563e-21,-3.1469e-05,8.7608e-22,7.2229e-06,8.9383e-22,-6.6219e-07,3.769e-19,-1.1343e-34,-2.1551e-18,5.9998e-35,4.9465e-19,6.1213e-35,-2.5334e-06,7.6241e-22,1.4486e-05,-4.0328e-22,-3.3248e-06,1.8962e-19,-5.7065e-35,-1.0842e-18,3.0184e-35,7.077e-07,-2.1298e-22,-4.0466e-06,3.2013e-20,-9.6342e-36,-1.0673e-07
9.8889e-23,-2.1024e-06,-1.7737e-22,1.9747e-06,-8.1782e-23,-4.6438e-07,4.2039e-23,5.5911e-08,2.3172e-22,-3.7769e-09,1.6901e-24,1.3266e-34,-2.8204e-18,-2.3794e-34,2.649e-18,-1.0971e-34,-6.2295e-19,5.6393e-35,7.5003e-20,3.1084e-34,-5.0665e-21,6.9258e-22,-1.4725e-05,-1.2423e-21,1.383e-05,-5.7277e-22,-3.2524e-06,2.9442e-22,3.9158e-07,1.6229e-21,-2.8098e-35,5.9739e-19,5.0399e-35,-5.611e-19,2.3237e-35,1.3195e-19,-1.1945e-35,-1.5887e-20,-6.2563e-22,1.3301e-05,1.1222e-21,-1.2493e-05,5.174e-22,2.9379e-06,-2.6596e-22,-4.2846e-35,9.1093e-19,7.685e-35,-8.5559e-19,3.5434e-35,2.012e-19,2.8799e-22,-6.1228e-06,-5.1655e-22,5.7509e-06,-2.3817e-22,-2.1555e-35,4.5828e-19,3.8663e-35,-4.3044e-19,-8.045e-23,1.7104e-06,1.443e-22,-3.6392e-36,7.7372e-20,1.2133e-23
-3.0376e-07,2.0872e-22,-1.1417e-06,-1.6967e-22,6.8766e-07,-3.8571e-24,-1.5548e-07,9.4271e-23,2.048e-08,1.9108e-23,-1.7787e-09,-4.0748e-19,2.7999e-34,-1.5315e-18,-2.2761e-34,9.2247e-19,-5.1741e-36,-2.0856e-19,1.2646e-34,2.7473e-20,2.5633e-35,-2.1274e-06,1.4618e-21,-7.9958e-06,-1.1883e-21,4.8161e-06,-2.7014e-23,-1.0889e-06,6.6024e-22,1.4343e-07,8.631e-20,-5.9307e-35,3.2439e-19,4.8211e-35,-1.9539e-19,1.0959e-36,4.4177e-20,-2.6786e-35,1.9218e-06,-1.3205e-21,7.2229e-06,1.0735e-21,-4.3506e-06,2.4402e-23,9.8363e-07,1.3161e-19,-9.0433e-35,4.9465e-19,7.3515e-35,-2.9794e-19,1.6712e-36,-8.8462e-07,6.0785e-22,-3.3248e-06,-4.9414e-22,2.0026e-06,6.6211e-20,-4.5496e-35,2.4885e-19,3.6985e-35,2.4712e-07,-1.698e-22,9.2879e-07,1.1179e-20,-7.6811e-36,-3.7269e-08
-3.8151e-18,1.5166e-34,4.4655e-19,3.4265e-35,1.5593e-19,5.1207e-35,-2.6491e-20,7.7034e-35,1.443e-21,-1.4197e-34,4.8559e-23,-6.849e-07,2.7226e-23,8.0166e-08,6.1513e-24,2.7993e-08,9.1929e-24,-4.7557e-09,1.3829e-23,2.5906e-10,-2.5488e-23,-2.673e-18,1.0626e-34,3.1287e-19,2.4007e-35,1.0925e-19,3.5878e-35,-1.8561e-20,5.3974e-35,1.0111e-21,1.4402e-05,-5.725e-22,-1.6857e-06,-1.2935e-22,-5.8863e-07,-1.9331e-22,1e-07,-2.908e-22,-3.4991e-18,1.3909e-34,4.0956e-19,3.1427e-35,1.4301e-19,4.6966e-35,-2.4296e-20,-1.5295e-05,6.0799e-22,1.7902e-06,1.3737e-22,6.2512e-07,2.0529e-22,1.9791e-19,-7.8675e-36,-2.3166e-20,-1.7775e-36,-8.0891e-21,8.4298e-06,-3.351e-22,-9.8669e-07,-7.5711e-23,1.8787e-18,-7.4682e-35,-2.199e-19,-2.2672e-06,9.0125e-23,2.9643e-18
7.4318e-35,-5.8137e-18,-1.0513e-34,1.0793e-18,-9.8821e-35,-1.7533e-20,7.5654e-35,-1.3041e-20,2.3554e-35,1.7088e-21,3.6247e-35,1.3342e-23,-1.0437e-06,-1.8874e-23,1.9375e-07,-1.7741e-23,-3.1477e-09,1.3582e-23,-2.3412e-09,4.2286e-24,3.0677e-10,5.2071e-35,-4.0733e-18,-7.3663e-35,7.5618e-19,-6.9239e-35,-1.2285e-20,5.3007e-35,-9.1372e-21,1.6503e-35,-2.8055e-22,2.1946e-05,3.9688e-22,-4.0742e-06,3.7305e-22,6.6188e-08,-2.8559e-22,4.923e-08,6.8163e-35,-5.3321e-18,-9.6427e-35,9.8986e-19,-9.0636e-35,-1.6081e-20,6.9388e-35,2.9794e-22,-2.3307e-05,-4.2149e-22,4.3268e-06,-3.9617e-22,-7.0292e-08,-3.8554e-36,3.0159e-19,5.4541e-36,-5.5988e-20,5.1265e-36,-1.6421e-22,1.2846e-05,2.3231e-22,-2.3847e-06,-3.6597e-35,2.8629e-18,5.1773e-35,4.4165e-23,-3.4549e-06,-5.7746e-35
4.4655e-19,-1.3439e-34,-2.5534e-18,7.1084e-35,5.8605e-19,7.2524e-35,-5.3729e-20,-4.3464e-35,1.0156e-21,-6.5369e-35,2.929e-22,8.0166e-08,-2.4126e-23,-4.5839e-07,1.2761e-23,1.0521e-07,1.302e-23,-9.6456e-09,-7.8027e-24,1.8233e-10,-1.1735e-23,3.1287e-19,-9.4159e-35,-1.789e-18,4.9805e-35,4.1062e-19,5.0814e-35,-3.7645e-20,-3.0453e-35,7.1159e-22,-1.6857e-06,5.0731e-22,9.6389e-06,-2.6834e-22,-2.2123e-06,-2.7378e-22,2.0283e-07,1.6407e-22,4.0956e-19,-1.2326e-34,-2.3419e-18,6.5197e-35,5.3751e-19,6.6517e-35,-4.9279e-20,1.7902e-06,-5.3876e-22,-1.0237e-05,2.8498e-22,2.3495e-06,2.9075e-22,-2.3166e-20,6.9716e-36,1.3246e-19,-3.6876e-36,-3.0403e-20,-9.8669e-07,2.9694e-22,5.6419e-06,-1.5707e-22,-2.199e-19,6.6178e-35,1.2574e-18,2.6537e-07,-7.9863e-23,-3.4697e-19
-5.0763e-35,1.0793e-18,9.1051e-35,-1.0137e-18,4.1981e-35,2.3838e-19,-2.158e-35,-2.8701e-20,-1.1895e-34,1.9388e-21,-8.676e-37,-9.1131e-24,1.9375e-07,1.6346e-23,-1.8198e-07,7.5366e-24,4.2795e-08,-3.8741e-24,-5.1525e-09,-2.1354e-23,3.4806e-10,-3.5567e-35,7.5618e-19,6.3795e-35,-7.1024e-19,2.9414e-35,1.6702e-19,-1.512e-35,-2.0109e-20,-8.334e-35,1.9163e-22,-4.0742e-06,-3.4372e-22,3.8267e-06,-1.5848e-22,-8.9989e-07,8.1463e-23,1.0835e-07,-4.6558e-35,9.8986e-19,8.351e-35,-9.2973e-19,3.8504e-35,2.1864e-19,-1.9792e-35,-2.0351e-22,4.3268e-06,3.6503e-22,-4.0639e-06,1.683e-22,9.5568e-07,2.6334e-36,-5.5988e-20,-4.7235e-36,5.2587e-20,-2.1779e-36,1.1217e-22,-2.3847e-06,-2.0119e-22,2.2399e-06,2.4998e-35,-5.3147e-19,-4.4838e-35,-3.0167e-23,6.4137e-07,3.9443e-35
-3.1651e-07,1.2582e-23,3.7047e-08,2.8427e-24,1.2936e-08,4.2484e-24,-2.1978e-09,6.391e-24,1.1972e-10,-1.1779e-23,4.0287e-12,-4.0274e-18,1.601e-34,4.714e-19,3.6171e-35,1.6461e-19,5.4057e-35,-2.7965e-20,8.132e-35,1.5233e-21,-1.4987e-34,-6.9954e-07,2.7808e-23,8.188e-08,6.2829e-24,2.8592e-08,9.3895e-24,-4.8574e-09,1.4125e-23,2.646e-10,-2.2006e-18,8.7479e-35,2.5758e-19,1.9765e-35,8.9943e-20,2.9538e-35,-1.528e-20,4.4435e-35,4.8375e-06,-1.923e-22,-5.6623e-07,-4.3448e-23,-1.9772e-07,-6.4931e-23,3.359e-08,1.9349e-18,-7.6914e-35,-2.2647e-19,-1.7378e-35,-7.9081e-20,-2.597e-35,-6.0462e-06,2.4035e-22,7.077e-07,5.4303e-23,2.4712e-07,1.7274e-18,-6.8669e-35,-2.0219e-19,-1.5515e-35,4.3737e-06,-1.7386e-22,-5.1194e-07,-5.9497e-19,2.3651e-35,-1.6249e-06
6.1657e-24,-4.8232e-07,-8.7224e-24,8.9539e-08,-8.1986e-24,-1.4546e-09,6.2765e-24,-1.0819e-09,1.9542e-24,1.4177e-10,3.0072e-24,7.8453e-35,-6.1372e-18,-1.1099e-34,1.1393e-18,-1.0432e-34,-1.8509e-20,7.9864e-35,-1.3767e-20,2.4865e-35,1.8039e-21,1.3627e-23,-1.066e-06,-1.9278e-23,1.979e-07,-1.812e-23,-3.215e-09,1.3872e-23,-2.3912e-09,4.319e-24,4.2868e-35,-3.3535e-18,-6.0644e-35,6.2254e-19,-5.7002e-35,-1.0114e-20,4.3639e-35,-7.5224e-21,-9.4236e-23,7.3718e-06,1.3331e-22,-1.3685e-06,1.2531e-22,2.2233e-08,-9.593e-23,-3.7691e-35,2.9485e-18,5.332e-35,-5.4736e-19,5.0118e-35,8.8923e-21,1.1778e-22,-9.2136e-06,-1.6662e-22,1.7104e-06,-1.5661e-22,-3.3651e-35,2.6324e-18,4.7604e-35,-4.8868e-19,-8.5201e-23,6.665e-06,1.2053e-22,1.159e-35,-9.0665e-19,3.1654e-23
3.7047e-08,-1.1149e-23,-2.1184e-07,5.8974e-24,4.8621e-08,6.0169e-24,-4.4576e-09,-3.6059e-24,8.426e-11,-5.4233e-24,2.4301e-11,4.714e-19,-1.4187e-34,-2.6954e-18,7.504e-35,6.1867e-19,7.656e-35,-5.6719e-20,-4.5882e-35,1.0721e-21,-6.9006e-35,8.188e-08,-2.4642e-23,-4.6819e-07,1.3034e-23,1.0746e-07,1.3298e-23,-9.8519e-09,-7.9696e-24,1.8623e-10,2.5758e-19,-7.7518e-35,-1.4728e-18,4.1003e-35,3.3805e-19,4.1834e-35,-3.0992e-20,-2.5071e-35,-5.6623e-07,1.7041e-22,3.2377e-06,-9.0136e-23,-7.4312e-07,-9.1962e-23,6.8129e-08,-2.2647e-19,6.8156e-35,1.295e-18,-3.6051e-35,-2.9722e-19,-3.6782e-35,7.077e-07,-2.1298e-22,-4.0466e-06,1.1266e-22,9.2879e-07,-2.0219e-19,6.085e-35,1.1561e-18,-3.2186e-35,-5.1194e-07,1.5407e-22,2.9273e-06,6.964e-20,-2.0958e-35,1.9019e-07
2.5047e-18,-9.9565e-35,-2.9317e-19,-2.2495e-35,-1.0237e-19,-3.3619e-35,1.7391e-20,-5.0574e-35,-9.4738e-22,9.3208e-35,-3.188e-23,-1.7846e-07,7.0942e-24,2.0889e-08,1.6028e-24,7.294e-09,2.3954e-24,-1.2392e-09,3.6035e-24,6.7503e-11,-6.6413e-24,2.014e-18,-8.006e-35,-2.3573e-19,-1.8088e-35,-8.2315e-20,-2.7033e-35,1.3984e-20,-4.0667e-35,-7.6179e-22,-3.3282e-07,1.323e-23,3.8956e-08,2.9892e-24,1.3603e-08,4.4673e-24,-2.311e-09,6.7203e-24,1.4921e-18,-5.9314e-35,-1.7465e-19,-1.3401e-35,-6.0985e-20,-2.0028e-35,1.0361e-20,1.8634e-06,-7.4073e-23,-2.1811e-07,-1.6736e-23,-7.616e-08,-2.5011e-23,-6.567e-19,2.6105e-35,7.6866e-20,5.8981e-36,2.6841e-20,-2.2672e-06,9.0125e-23,2.6537e-07,2.0362e-23,-1.9154e-18,7.614e-35,2.2419e-19,9.6332e-07,-3.8294e-23,3.8203e-19
-4.8791e-35,3.8168e-18,6.9023e-35,-7.0855e-19,6.4877e-35,1.1511e-20,-4.9668e-35,8.5617e-21,-1.5464e-35,-1.1219e-21,-2.3797e-35,3.4764e-24,-2.7195e-07,-4.918e-24,5.0485e-08,-4.6226e-24,-8.2018e-10,3.5389e-24,-6.1003e-10,1.1018e-24,7.9935e-11,-3.9233e-35,3.0691e-18,5.5501e-35,-5.6974e-19,5.2168e-35,9.256e-21,-3.9938e-35,6.8844e-21,-1.2434e-35,6.4834e-24,-5.0718e-07,-9.1718e-24,9.4153e-08,-8.621e-24,-1.5296e-09,6.6e-24,-1.1377e-09,-2.9067e-35,2.2738e-18,4.1119e-35,-4.2211e-19,3.865e-35,6.8575e-21,-2.9589e-35,-3.6299e-23,2.8396e-06,5.1351e-23,-5.2714e-07,4.8267e-23,8.5638e-09,1.2793e-35,-1.0007e-18,-1.8097e-35,1.8578e-19,-1.701e-35,4.4165e-23,-3.4549e-06,-6.2479e-23,6.4137e-07,3.7312e-35,-2.9188e-18,-5.2783e-35,-1.8766e-23,1.468e-06,-7.4421e-36
-1.7246e-08,6.8556e-25,2.0186e-09,1.5489e-25,7.0487e-10,2.3148e-25,-1.1975e-10,3.4823e-25,6.5232e-12,-6.4179e-25,2.1951e-13,-2.5887e-18,1.0291e-34,3.0301e-19,2.325e-35,1.0581e-19,3.4747e-35,-1.7975e-20,5.2272e-35,9.7918e-22,-9.6337e-35,-5.0603e-08,2.0115e-24,5.9229e-09,4.5448e-25,2.0682e-09,6.7921e-25,-3.5137e-10,1.0218e-24,1.914e-11,6.7058e-19,-2.6657e-35,-7.8491e-20,-6.0228e-36,-2.7408e-20,-9.0008e-36,4.6563e-21,-1.354e-35,-1.4248e-07,5.6637e-24,1.6677e-08,1.2796e-24,5.8232e-09,1.9124e-24,-9.893e-10,1.8799e-18,-7.4728e-35,-2.2003e-19,-1.6884e-35,-7.6833e-20,-2.5232e-35,9.1185e-07,-3.6248e-23,-1.0673e-07,-8.1897e-24,-3.7269e-08,2.9584e-18,-1.176e-34,-3.4628e-19,-2.6571e-35,-1.6249e-06,6.4594e-23,1.9019e-07,-4.9253e-19,1.9579e-35,9.2709e-07
